object_type,object_name,sub_key,seq,owner,last_updated,last_updated_by,definition_text
PACKAGE BODY,SB_REGISTRATION,,1,SATURN,2026-02-11,,CREATE OR REPLACE PACKAGE BODY sb_registration AS
PACKAGE BODY,SB_REGISTRATION,,2,SATURN,2026-02-11,,  PROCEDURE p_create IS BEGIN zk_hold_check.p_check; END;
PACKAGE BODY,SB_REGISTRATION,,3,SATURN,2026-02-11,,END sb_registration;
TABLE_COLUMN,SGBSTDN,SGBSTDN_PIDM,1,SATURN,,,"NUMBER(8,0)|N"
TABLE_COLUMN,SGBSTDN,SGBSTDN_TERM_CODE_EFF,2,SATURN,,,"VARCHAR2(6, )|N"
TABLE_COLUMN,SGBSTDN,SGBSTDN_ZATHLETE_IND,3,SATURN,,,"VARCHAR2(1, )|Y"
PACKAGE BODY,ZK_HOLD_CHECK,,1,BANINST1,2024-09-03,,CREATE OR REPLACE PACKAGE BODY zk_hold_check AS
PACKAGE BODY,ZK_HOLD_CHECK,,2,BANINST1,2024-09-03,,  PROCEDURE p_check IS BEGIN NULL; END;
PACKAGE BODY,ZK_HOLD_CHECK,,3,BANINST1,2024-09-03,,END zk_hold_check;
TRIGGER,ZT_SGBSTDN_AUDIT,SATURN.SGBSTDN,1,BANINST1,2023-01-15,,AFTER EACH ROW|UPDATE|ENABLED|...
VALIDATION_CODE,STVSTYP,N,1,SATURN,2025-06-01,,New First Time
VALIDATION_CODE,STVSTYP,T,1,SATURN,2025-06-01,,Transfer
VALIDATION_CODE,STVSTYP,Z,1,SATURN,2022-08-20,,Dual Enrollment High School
