code_system,code,display,definition,source_file
helix/absence-type,vacation,Vacation/Annual Leave,Paid time off accrued based on length of service and appointment type. Accrual rates and maximum balances vary by employee class. Faculty on academic-year appointments typically do not accrue vacation.,core/terminologies/absence-type.json
helix/absence-type,sick,Sick Leave,"Paid leave for personal illness, medical appointments, or care of an immediate family member. Many states mandate sick leave accrual. Some institutions have sick leave donation/sharing programs.",core/terminologies/absence-type.json
helix/absence-type,personal,Personal Leave,Paid leave for personal business not covered by other leave categories. Typically limited to 2-3 days per year. May or may not require advance approval.,core/terminologies/absence-type.json
helix/absence-type,fmla,FMLA Leave,"Leave protected under the Family and Medical Leave Act. Up to 12 weeks of job-protected, unpaid leave per year for qualifying reasons (serious health condition, new child, military family). Runs concurrent with paid leave if available.",core/terminologies/absence-type.json
helix/absence-type,military,Military Leave,Leave for military service under USERRA (Uniformed Services Employment and Reemployment Rights Act). Job-protected with reemployment rights. Many institutions provide differential pay (difference between military and civilian pay).,core/terminologies/absence-type.json
helix/absence-type,bereavement,Bereavement Leave,"Paid leave following the death of a family member. Duration typically varies by relationship (3-5 days for immediate family, 1 day for extended family). Definition of 'family' varies by policy.",core/terminologies/absence-type.json
helix/absence-type,jury_duty,Jury Duty,Leave for serving on a jury or responding to a subpoena. Most institutions provide paid leave for the duration of service. Employee may be required to submit jury fee to the institution.,core/terminologies/absence-type.json
helix/absence-type,sabbatical,Sabbatical Leave,"Extended leave (typically one semester at full pay or one year at half pay) granted to tenured or senior faculty for research, writing, or professional development. Usually available after 6-7 years of service. Requires application and approval.",core/terminologies/absence-type.json
helix/absence-type,parental,Parental Leave,"Leave for birth, adoption, or foster placement of a child. May be paid or unpaid depending on institutional policy. Increasingly offered as a standalone benefit beyond FMLA. Typically 6-12 weeks.",core/terminologies/absence-type.json
helix/absence-type,administrative,Administrative Leave,"Paid leave directed by the institution, typically during an investigation, restructuring, or emergency. Not initiated by the employee. May be with or without restrictions on campus access.",core/terminologies/absence-type.json
helix/absence-type,workers_compensation,Workers' Compensation Leave,"Leave due to a work-related injury or illness covered under state workers' compensation law. Benefits include medical treatment and wage replacement (typically 2/3 of average weekly wage, subject to state maximums).",core/terminologies/absence-type.json
helix/absence-type,unpaid,Unpaid Leave of Absence,Approved leave without pay when paid leave is exhausted or not applicable. Employment relationship maintained but benefits eligibility may be affected. Often requires VP/provost approval beyond a certain duration.,core/terminologies/absence-type.json
helix/absence-type,professional_development,Professional Development Leave,"Leave for attending conferences, workshops, certifications, or training. Usually paid with expenses covered by the department or professional development fund.",core/terminologies/absence-type.json
helix/account-type,asset,Asset,"Resources owned or controlled by the institution with future economic benefit. Includes cash, investments, receivables (student, grants, pledges), prepaid expenses, capital assets (land, buildings, equipment), inventories, and deferred outflows of resources.",core/terminologies/account-type.json
helix/account-type,liability,Liability,"Obligations of the institution. Includes accounts payable, accrued payroll, unearned revenue (deferred tuition), bonds payable, capital leases, compensated absences liability, pension liability (GASB 68/75), and deferred inflows of resources.",core/terminologies/account-type.json
helix/account-type,fund_balance,Fund Balance / Net Position,"The residual of assets minus liabilities. GASB uses 'net position' with categories: net investment in capital assets, restricted (expendable and nonexpendable), and unrestricted. FASB uses 'net assets' with categories: without donor restrictions and with donor restrictions.",core/terminologies/account-type.json
helix/account-type,revenue,Revenue,"Inflows of resources. Major categories in higher ed: tuition and fees, state appropriations, federal grants and contracts, auxiliary enterprise revenue, gifts and pledges, investment income, hospital/clinical revenue, and other operating revenue.",core/terminologies/account-type.json
helix/account-type,expenditure,Expenditure / Expense,"Outflows of resources for operations. Classified by function (instruction, research, public service, academic support, student services, institutional support, operation of plant, scholarships/fellowships, auxiliary enterprises, hospital) and by natural classification (salaries, benefits, supplies, travel, equipment, utilities, depreciation).",core/terminologies/account-type.json
helix/account-type,transfer,Transfer,"Movement of funds between fund groups that is not a revenue or expenditure. Includes mandatory transfers (debt service, matching requirements) and non-mandatory transfers (internal allocations, overhead recovery distributions). Must balance — every transfer-out has a corresponding transfer-in.",core/terminologies/account-type.json
helix/admission-status,submitted,Submitted,Application received by the institution,core/terminologies/admission-status.json
helix/admission-status,in_review,In Review,Application is being evaluated by admissions staff or committee,core/terminologies/admission-status.json
helix/admission-status,incomplete,Incomplete,"Application is missing required materials (transcripts, test scores, essays, etc.)",core/terminologies/admission-status.json
helix/admission-status,admitted,Admitted,Full admission offered,core/terminologies/admission-status.json
helix/admission-status,conditionally_admitted,Conditionally Admitted,"Admission contingent on meeting specified conditions (e.g., final transcript, GPA threshold)",core/terminologies/admission-status.json
helix/admission-status,denied,Denied,Application was not approved for admission,core/terminologies/admission-status.json
helix/admission-status,waitlisted,Waitlisted,Applicant placed on a waiting list pending space availability,core/terminologies/admission-status.json
helix/admission-status,deferred,Deferred,Decision postponed to a future review cycle (common in early decision/action),core/terminologies/admission-status.json
helix/admission-status,cancelled,Cancelled,"Application cancelled by the institution (e.g., duplicate, fraud)",core/terminologies/admission-status.json
helix/admission-status,withdrawn,Withdrawn,Applicant voluntarily withdrew their application,core/terminologies/admission-status.json
helix/asset-category,land,Land,"Real property owned by the institution, including land improvements that are not depreciable (grading, fill). Land is not depreciated. Includes donated land recorded at fair market value at date of gift.",core/terminologies/asset-category.json
helix/asset-category,buildings,Buildings,"Structures owned or capital-leased by the institution. Includes academic buildings, residence halls, athletic facilities, hospitals, parking structures. Capitalization threshold varies ($50K-$100K typical). Depreciated over 20-50 years.",core/terminologies/asset-category.json
helix/asset-category,building_improvements,Building Improvements,"Capital improvements that extend the useful life of an existing building (not routine maintenance). Examples: roof replacement, HVAC system, ADA renovations, laboratory renovations. Depreciated over 10-20 years.",core/terminologies/asset-category.json
helix/asset-category,equipment,Equipment,"Movable assets meeting the capitalization threshold ($5,000 is the most common threshold in higher ed). Includes scientific instruments, computing equipment, vehicles, copiers, specialized machinery. Depreciated over 3-15 years depending on type.",core/terminologies/asset-category.json
helix/asset-category,vehicles,Vehicles,"Institutional fleet vehicles: cars, vans, buses, utility vehicles, golf carts. May be owned or leased. Depreciated over 5-10 years. Subject to motor pool or fleet management policies.",core/terminologies/asset-category.json
helix/asset-category,furniture,Furniture & Fixtures,"Desks, chairs, tables, filing cabinets, shelving, lab benches. Often capitalized only as a group purchase (e.g., furnishing a new building) due to per-item cost below the threshold.",core/terminologies/asset-category.json
helix/asset-category,software,Software,"Internally developed or purchased software meeting capitalization criteria. Per GASB 51 (public) or ASC 350-40 (private), includes costs in the application development stage. Cloud computing arrangements may not qualify as capital assets post-ASU 2018-15.",core/terminologies/asset-category.json
helix/asset-category,leasehold_improvements,Leasehold Improvements,Improvements to leased space made by the institution as tenant. Depreciated over the shorter of the improvement's useful life or the remaining lease term. New lease accounting (GASB 87) affects recognition.,core/terminologies/asset-category.json
helix/asset-category,construction_in_progress,Construction in Progress (CIP),Costs accumulated for assets under construction that have not yet been placed in service. Transferred to the appropriate asset category upon completion. Not depreciated while in CIP. Reported separately on the balance sheet.,core/terminologies/asset-category.json
helix/asset-category,library_collections,Library Collections,"Books, periodicals, digital resources, archives, and special collections. Institutions may capitalize (GASB allows either capitalizing or expensing). If capitalized, may be depreciated as a group using a composite method or treated as inexhaustible.",core/terminologies/asset-category.json
helix/asset-category,artwork_collections,Artwork & Historical Collections,"Museum objects, artwork, and historical treasures meeting the definition of a collection under GASB 34 (held for public exhibition, protected, kept unencumbered, proceeds from sale used to acquire other items). May be exempt from capitalization and depreciation if meeting all criteria.",core/terminologies/asset-category.json
helix/asset-category,infrastructure,Infrastructure,"Long-lived capital assets that are normally stationary: roads, bridges, tunnels, drainage systems, water and sewer systems, dams, lighting. Institutions may use the modified approach (maintain/preserve condition level) instead of depreciation per GASB 34.",core/terminologies/asset-category.json
helix/asset-status,active,Active/In Service,Asset is in use and being depreciated according to institutional capitalization and depreciation policy. Tagged with a barcode or RFID for inventory tracking.,core/terminologies/asset-status.json
helix/asset-status,idle,Idle/In Storage,Asset is not currently in use but remains in institutional inventory. May be available for redeployment to another department. Depreciation continues.,core/terminologies/asset-status.json
helix/asset-status,under_repair,Under Repair/Maintenance,"Asset temporarily removed from service for repair or refurbishment. Depreciation continues. If repair cost exceeds a threshold (often 50% of replacement value), may be candidate for disposal.",core/terminologies/asset-status.json
helix/asset-status,disposed,Disposed,"Asset removed from service and disposed of through approved methods: auction, trade-in, donation, recycling, or destruction. Requires disposal authorization (surplus property process). Net book value written off. Federal grants require sponsor notification for assets over $5,000.",core/terminologies/asset-status.json
helix/asset-status,retired,Retired,Asset has reached end of useful life and is fully depreciated. Removed from active inventory but record retained for audit trail. Physical asset may still be in use but has no book value.,core/terminologies/asset-status.json
helix/asset-status,lost,Lost/Stolen,"Asset cannot be located during physical inventory. Triggers investigation and insurance claim if applicable. If government-funded, may require disclosure to the sponsor. Removed from active inventory after investigation.",core/terminologies/asset-status.json
helix/asset-status,transferred,Transferred,"Asset transferred to another department, campus, or entity. Original department's asset account credited; receiving department debited. If transferred to a different legal entity, may constitute a disposal.",core/terminologies/asset-status.json
helix/asset-status,construction_in_progress,Construction in Progress (CIP),Asset under construction or development that has not yet been placed in service. Costs accumulated in CIP account. Not depreciated until substantially complete and placed in service. Common for building projects and major renovations.,core/terminologies/asset-status.json
,grant,Grant,"Gift aid that does not need to be repaid (e.g., Pell Grant)",core/terminologies/award-type.json
,scholarship,Scholarship,Merit- or criteria-based gift aid that does not need to be repaid,core/terminologies/award-type.json
,loan_subsidized,Subsidized Loan,Need-based loan where the government pays interest while student is enrolled,core/terminologies/award-type.json
,loan_unsubsidized,Unsubsidized Loan,Non-need-based loan where interest accrues from disbursement,core/terminologies/award-type.json
,loan_plus,PLUS Loan,Federal loan for parents of dependent undergrads or graduate/professional students,core/terminologies/award-type.json
,loan_private,Private Loan,"Loan from a private lender, not part of federal programs",core/terminologies/award-type.json
,work_study,Work-Study,Earnings from a federally or institutionally funded part-time employment program,core/terminologies/award-type.json
,waiver,Tuition Waiver,Full or partial waiver of tuition or fees,core/terminologies/award-type.json
,fellowship,Fellowship,"Financial support for graduate students, typically for research or academic merit",core/terminologies/award-type.json
,assistantship,Assistantship,Graduate teaching or research assistantship with stipend and/or tuition remission,core/terminologies/award-type.json
,other,Other,An award type not covered by the standard codes,core/terminologies/award-type.json
helix/benefit-plan-type,medical,Medical Insurance,"Health insurance coverage for eligible employees and dependents. Institutions typically offer multiple plan options (PPO, HMO, HDHP). State employees may be on a state health plan.",core/terminologies/benefit-plan-type.json
helix/benefit-plan-type,dental,Dental Insurance,"Dental care coverage, often offered as a separate plan from medical. May include preventive, basic, and major services with annual maximums.",core/terminologies/benefit-plan-type.json
helix/benefit-plan-type,vision,Vision Insurance,"Vision care coverage for exams, lenses, and frames. Typically a voluntary, employee-paid benefit.",core/terminologies/benefit-plan-type.json
helix/benefit-plan-type,life_insurance,Life Insurance,"Employer-provided or voluntary life insurance. Employer-paid basic life is common (1x or 2x salary). Supplemental life available at employee cost. Amounts above $50,000 create imputed income (IRS Section 79).",core/terminologies/benefit-plan-type.json
helix/benefit-plan-type,disability_short_term,Short-Term Disability,"Income replacement for temporary medical disability, typically covering 60-70% of salary for up to 26 weeks. May be employer-paid or voluntary. Coordinates with sick leave and FMLA.",core/terminologies/benefit-plan-type.json
helix/benefit-plan-type,disability_long_term,Long-Term Disability,Income replacement for extended medical disability after short-term benefits exhaust. Typically covers 60% of salary until age 65 or recovery. Often employer-paid for faculty.,core/terminologies/benefit-plan-type.json
helix/benefit-plan-type,retirement_403b,403(b) Retirement Plan,"Tax-deferred retirement savings plan authorized under IRC Section 403(b) for employees of educational institutions and nonprofits. The higher ed equivalent of a 401(k). Common providers: TIAA, Fidelity, Vanguard.",core/terminologies/benefit-plan-type.json
helix/benefit-plan-type,retirement_pension,Defined Benefit Pension,State or institutional pension plan providing retirement income based on a formula (typically years of service × final average salary × multiplier). Common at public institutions. Mandatory participation in many states.,core/terminologies/benefit-plan-type.json
helix/benefit-plan-type,retirement_457b,457(b) Deferred Compensation,"Supplemental retirement savings plan under IRC Section 457(b), available to governmental and certain nonprofit employees. Allows additional tax-deferred savings beyond 403(b) limits.",core/terminologies/benefit-plan-type.json
helix/benefit-plan-type,tuition_waiver,Tuition Waiver/Remission,"Benefit allowing employees (and often spouses/dependents) to take courses at reduced or no cost. Graduate tuition waivers above $5,250 per year are taxable income (IRC Section 127). One of higher ed's most valued benefits.",core/terminologies/benefit-plan-type.json
helix/benefit-plan-type,hsa,Health Savings Account (HSA),"Tax-advantaged savings account paired with a High Deductible Health Plan (HDHP). Employee and/or employer contributions. Triple tax advantage: deductible contributions, tax-free growth, tax-free qualified withdrawals.",core/terminologies/benefit-plan-type.json
helix/benefit-plan-type,fsa,Flexible Spending Account (FSA),Pre-tax account for healthcare or dependent care expenses. Use-it-or-lose-it rule applies (with limited rollover or grace period). Includes healthcare FSA and dependent care FSA.,core/terminologies/benefit-plan-type.json
helix/benefit-plan-type,cobra,COBRA Continuation Coverage,"Continuation of group health benefits after a qualifying event (termination, reduction in hours). Employer must offer; employee pays full premium plus 2% admin fee. 18-36 month coverage period.",core/terminologies/benefit-plan-type.json
helix/benefit-plan-type,eap,Employee Assistance Program (EAP),"Confidential counseling and referral service for personal and work-related issues. Typically covers mental health, substance abuse, financial counseling, legal assistance. Usually employer-paid, no-cost to employee.",core/terminologies/benefit-plan-type.json
helix/benefit-plan-type,supplemental_retirement,Supplemental Retirement,"Additional retirement contribution by the institution beyond the base retirement plan, often provided to senior faculty and administrators as a recruitment/retention tool. May vest over a period of years.",core/terminologies/benefit-plan-type.json
helix/budget-status,proposed,Proposed/Draft,"Budget is being developed. Units have submitted requests, and the budget office is compiling and reviewing. Not yet authorized for spending.",core/terminologies/budget-status.json
helix/budget-status,submitted,Submitted for Approval,"Budget submitted to the next level of approval (dean, VP, budget committee, board of trustees). Under review and may be revised before final approval.",core/terminologies/budget-status.json
helix/budget-status,approved,Approved,Budget formally approved by the governing board or authorized body. Establishes legal spending authority for the fiscal year. Published to the ledger as original budget entries.,core/terminologies/budget-status.json
helix/budget-status,active,Active,Budget is in the current fiscal year and available for spending. Transactions are being posted and checked against available budget (in commitment control systems).,core/terminologies/budget-status.json
helix/budget-status,frozen,Frozen,Budget temporarily locked — no new spending authorized except for contractual obligations and payroll. Typically imposed during mid-year budget shortfalls or pending reorganization.,core/terminologies/budget-status.json
helix/budget-status,closed,Closed,"Budget period ended. All transactions posted, accruals recorded, fiscal year closed. Budget is now historical. Remaining budget does not carry forward (except for designated carry-forward funds).",core/terminologies/budget-status.json
helix/budget-status,revised,Revised,"Budget has been officially amended after initial approval. A budget revision may increase, decrease, or reallocate authorized spending. Requires documented justification and appropriate approval level.",core/terminologies/budget-status.json
helix/budget-status,permanent_budget,Permanent/Base Budget,"Ongoing budget allocation that carries forward year-to-year (e.g., salary lines, operating base). Distinguished from one-time or temporary budget allocations.",core/terminologies/budget-status.json
helix/budget-status,temporary_budget,Temporary/One-Time Budget,"Budget allocation for a single fiscal year that does not recur. Must be re-requested annually. Examples: equipment purchases, one-time program startup costs, bridge funding.",core/terminologies/budget-status.json
helix/compensation-type,base_salary,Base Salary,"Primary annual or academic-year salary for the position. For 9-month faculty, this is the academic year (AY) base; for 12-month staff, this is the fiscal year (FY) base.",core/terminologies/compensation-type.json
helix/compensation-type,hourly,Hourly Wage,"Compensation calculated per hour worked. Used for non-exempt staff, student workers, temporary employees. Subject to FLSA minimum wage and overtime rules.",core/terminologies/compensation-type.json
helix/compensation-type,stipend,Stipend,"Fixed payment for a specific role or responsibility, not tied to hours worked. Examples: department chair stipend, graduate assistant stipend, coaching stipend, program director stipend.",core/terminologies/compensation-type.json
helix/compensation-type,overload,Overload Pay,"Additional compensation for teaching or duties beyond the standard workload. Faculty teaching above their contractual load (e.g., 4/4 teaching 5/4) receive overload pay, typically calculated per credit hour.",core/terminologies/compensation-type.json
helix/compensation-type,summer_pay,Summer Compensation,"Compensation for 9-month faculty working during summer term. Typically capped at a fraction of base salary (often 2/9 or 3/9 of AY salary). May be funded from grants, instruction, or administrative budgets.",core/terminologies/compensation-type.json
helix/compensation-type,administrative_supplement,Administrative Supplement,"Temporary salary increase for faculty or staff taking on additional administrative duties. Examples: interim dean, accreditation coordinator, assessment director. Removed when duties end.",core/terminologies/compensation-type.json
helix/compensation-type,acting_pay,Acting Pay,Temporary pay increase for an individual formally appointed to act in a higher-level position during a vacancy or leave. Governed by institutional acting appointment policy.,core/terminologies/compensation-type.json
helix/compensation-type,shift_differential,Shift Differential,"Additional compensation for working non-standard shifts (evening, night, weekend). Common for facilities, public safety, dining, and healthcare workers. Typically a percentage of base or flat hourly premium.",core/terminologies/compensation-type.json
helix/compensation-type,on_call,On-Call Pay,"Compensation for being available to respond outside normal working hours. Common for IT, facilities, public safety, and residential life staff.",core/terminologies/compensation-type.json
helix/compensation-type,longevity,Longevity Pay,"Additional compensation based on years of service. More common at public institutions, especially those under state pay plans. May be a flat amount or percentage per milestone (5, 10, 15 years).",core/terminologies/compensation-type.json
helix/compensation-type,bonus,Bonus/Incentive,"One-time or periodic payment for performance, retention, or market adjustment. Less common in higher ed than private sector but used for hard-to-fill positions, athletic coaches, and senior administrators.",core/terminologies/compensation-type.json
helix/compensation-type,housing_allowance,Housing Allowance,"Compensation provided for housing, particularly for university presidents, coaches, or employees required to live on campus (e.g., residence hall directors). May be taxable income.",core/terminologies/compensation-type.json
helix/constituent-type,alumnus,Alumnus/Alumna,Graduate or former student of the institution,core/terminologies/constituent-type.json
helix/constituent-type,donor,Donor,Any individual who has made a gift (may overlap with other types),core/terminologies/constituent-type.json
helix/constituent-type,parent,Parent/Family,Parent or family member of a current or former student,core/terminologies/constituent-type.json
helix/constituent-type,friend,Friend of the University,Non-alumni individual with institutional affinity,core/terminologies/constituent-type.json
helix/constituent-type,faculty_staff,Faculty/Staff,Current or former employee,core/terminologies/constituent-type.json
helix/constituent-type,corporation,Corporation,Corporate entity for matching gifts or sponsorships,core/terminologies/constituent-type.json
helix/constituent-type,foundation,Foundation,Private or community foundation,core/terminologies/constituent-type.json
helix/constituent-type,organization,Organization,"Non-profit, association, or other entity",core/terminologies/constituent-type.json
helix/constituent-type,prospect,Prospect,Identified potential donor not yet in the giving pipeline,core/terminologies/constituent-type.json
helix/constituent-type,other,Other,,core/terminologies/constituent-type.json
helix/contract-status,draft,Draft,"Contract is being drafted or assembled from templates. Terms, scope, pricing, and legal provisions under development by the requesting department and/or procurement/legal office.",core/terminologies/contract-status.json
helix/contract-status,negotiation,In Negotiation,"Draft contract sent to the counterparty (vendor, consultant, partner institution). Terms being negotiated. Multiple redline cycles may occur. Legal counsel reviewing risk provisions.",core/terminologies/contract-status.json
helix/contract-status,pending_approval,Pending Internal Approval,"Negotiation complete; contract routed for internal signature authority. Approval levels determined by contract value and type (procurement, real estate, sponsored program, affiliation agreement).",core/terminologies/contract-status.json
helix/contract-status,pending_execution,Pending Execution,Approved internally; awaiting counterparty signature to fully execute. Both parties must sign for the contract to be binding.,core/terminologies/contract-status.json
helix/contract-status,active,Active/Executed,"Fully executed contract in its performance period. Both parties performing obligations. Deliverables and payments being tracked. May include milestones, performance metrics, and reporting requirements.",core/terminologies/contract-status.json
helix/contract-status,suspended,Suspended,"Contract performance temporarily halted due to dispute, non-performance, force majeure, or administrative hold. Terms of suspension governed by the contract's suspension/termination clause.",core/terminologies/contract-status.json
helix/contract-status,expired,Expired,"Contract has reached its end date without renewal. No further obligations except surviving provisions (indemnification, confidentiality, audit rights). Some contracts auto-renew unless notice given within a specified window.",core/terminologies/contract-status.json
helix/contract-status,terminated,Terminated,"Contract ended before the natural expiration date, either by mutual agreement (convenience) or due to breach (cause). Termination provisions in the contract govern notice period, final payments, and transition obligations.",core/terminologies/contract-status.json
helix/contract-status,renewed,Renewed,Contract extended for an additional period under the same or modified terms. May be an automatic renewal or require affirmative action. Renewal terms should be documented as an amendment or new contract.,core/terminologies/contract-status.json
helix/course-level,developmental,Developmental/Remedial,Below college-level. Does not count toward degree credit.,core/terminologies/course-level.json
helix/course-level,undergraduate_lower,Undergraduate Lower Division,100-200 level. Introductory and foundational courses.,core/terminologies/course-level.json
helix/course-level,undergraduate_upper,Undergraduate Upper Division,300-400 level. Advanced undergraduate courses requiring prerequisites.,core/terminologies/course-level.json
helix/course-level,graduate,Graduate,500-600 level (convention varies). Master's-level coursework.,core/terminologies/course-level.json
helix/course-level,doctoral,Doctoral,"700+ level. Doctoral seminars, research, dissertation hours.",core/terminologies/course-level.json
helix/course-level,professional,Professional,"Professional program courses (law, medicine, etc.) with their own numbering conventions.",core/terminologies/course-level.json
helix/course-level,non_credit,Non-Credit,"Continuing education, professional development, or community courses not carrying academic credit.",core/terminologies/course-level.json
helix/course-level,other,Other,,core/terminologies/course-level.json
,public,Public,"Data approved for unrestricted public access (e.g., course catalog, institution name)",core/terminologies/data-classification.json
,internal,Internal,"Data intended for institutional use only (e.g., enrollment counts, section capacity)",core/terminologies/data-classification.json
,confidential,Confidential,"Data protected by regulation or policy (e.g., student PII, grades, financial aid). FERPA-protected data falls here at minimum.",core/terminologies/data-classification.json
,restricted,Restricted,"Highly sensitive data requiring strict access controls (e.g., SSN, health records, disciplinary records)",core/terminologies/data-classification.json
helix/degree-level,certificate_undergraduate,Undergraduate Certificate,Sub-baccalaureate certificate (less than 1 year or 1-2 years),core/terminologies/degree-level.json
helix/degree-level,associate,Associate Degree,"Two-year degree (AA, AS, AAS, etc.)",core/terminologies/degree-level.json
helix/degree-level,bachelors,Bachelor's Degree,"Four-year baccalaureate degree (BA, BS, BFA, etc.)",core/terminologies/degree-level.json
helix/degree-level,certificate_post_baccalaureate,Post-Baccalaureate Certificate,,core/terminologies/degree-level.json
helix/degree-level,masters,Master's Degree,"Graduate-level master's degree (MA, MS, MBA, MFA, etc.)",core/terminologies/degree-level.json
helix/degree-level,certificate_post_masters,Post-Master's Certificate,"e.g., Education Specialist (EdS)",core/terminologies/degree-level.json
helix/degree-level,doctoral_research,Doctoral Degree - Research/Scholarship,"PhD, EdD (research-focused), DMA, etc.",core/terminologies/degree-level.json
helix/degree-level,doctoral_professional,Doctoral Degree - Professional Practice,"MD, JD, DDS, PharmD, DPT, etc.",core/terminologies/degree-level.json
helix/degree-level,professional,First Professional Degree,Legacy IPEDS category. Being phased into doctoral_professional.,core/terminologies/degree-level.json
helix/degree-level,non_degree,Non-Degree / Non-Credit,Enrollment without pursuit of a formal credential,core/terminologies/degree-level.json
helix/degree-level,micro_credential,Micro-Credential / Badge,"Short-form credential, often competency-based or industry-aligned",core/terminologies/degree-level.json
helix/degree-level,other,Other,,core/terminologies/degree-level.json
helix/delivery-mode,in_person,In Person,Traditional face-to-face instruction in a physical classroom,core/terminologies/delivery-mode.json
helix/delivery-mode,online_synchronous,Online Synchronous,"Online instruction with scheduled real-time meetings (via Zoom, Teams, etc.)",core/terminologies/delivery-mode.json
helix/delivery-mode,online_asynchronous,Online Asynchronous,Online instruction with no scheduled meeting times. Students access materials on their own schedule.,core/terminologies/delivery-mode.json
helix/delivery-mode,hybrid,Hybrid,"Mix of in-person and online components, with reduced in-person seat time",core/terminologies/delivery-mode.json
helix/delivery-mode,hyflex,HyFlex,Students choose per-session whether to attend in person or online synchronously,core/terminologies/delivery-mode.json
helix/delivery-mode,competency_based,Competency-Based,Progress based on demonstrated mastery rather than seat time,core/terminologies/delivery-mode.json
helix/delivery-mode,correspondence,Correspondence,Self-paced study via mailed or digital materials with limited instructor interaction,core/terminologies/delivery-mode.json
helix/delivery-mode,clinical,Clinical/Practicum,"Supervised hands-on experience in a clinical, field, or professional setting",core/terminologies/delivery-mode.json
helix/delivery-mode,internship,Internship/Co-op,Work-integrated learning in a professional setting,core/terminologies/delivery-mode.json
helix/delivery-mode,independent_study,Independent Study,Student-directed study under faculty supervision,core/terminologies/delivery-mode.json
helix/delivery-mode,other,Other,,core/terminologies/delivery-mode.json
helix/donor-segment,non_donor,Non-Donor,Constituent has never made a gift,core/terminologies/donor-segment.json
helix/donor-segment,first_time,First-Time Donor,Made their first gift in the current fiscal year,core/terminologies/donor-segment.json
helix/donor-segment,renewing,Renewing Donor,Gave last year and gave again this year at the same level,core/terminologies/donor-segment.json
helix/donor-segment,upgrading,Upgrading Donor,Gave last year and increased their giving this year,core/terminologies/donor-segment.json
helix/donor-segment,downgrading,Downgrading Donor,Gave last year but decreased their giving this year,core/terminologies/donor-segment.json
helix/donor-segment,loyal,Loyal/Consecutive Donor,Has given consecutively for 3+ years,core/terminologies/donor-segment.json
helix/donor-segment,lapsed,Lapsed Donor,Previously gave but has not given in the last 1-2 fiscal years,core/terminologies/donor-segment.json
helix/donor-segment,deep_lapsed,Deep Lapsed Donor,Previously gave but has not given in 3+ fiscal years,core/terminologies/donor-segment.json
helix/donor-segment,major,Major Donor,Cumulative or single-gift giving at the institution's major gift threshold (typically $25K-$100K+),core/terminologies/donor-segment.json
helix/donor-segment,planned_giving,Planned Giving Donor,"Has documented a planned gift (bequest, trust, beneficiary designation)",core/terminologies/donor-segment.json
helix/donor-segment,recaptured,Recaptured Donor,Was lapsed but made a new gift this year,core/terminologies/donor-segment.json
helix/eeo-category,executive_admin,Executive/Administrative/Managerial,"Senior institutional officers with significant management responsibilities: president, provost, vice presidents, deans, directors. IPEDS new categories map this to: Management Occupations (SOC 11-0000).",core/terminologies/eeo-category.json
helix/eeo-category,faculty,Faculty,"Persons with academic rank (professor, associate professor, assistant professor, instructor, lecturer) whose primary assignment is instruction, research, or public service. Includes tenure-track, tenured, and non-tenure-track faculty reported in IPEDS.",core/terminologies/eeo-category.json
helix/eeo-category,professional_nonfaculty,Professional Non-Faculty,"Non-faculty employees in positions requiring a bachelor's degree or higher. Includes advisors, counselors, librarians, IT professionals, accountants, HR specialists, student affairs professionals, coaches, and research staff without faculty rank.",core/terminologies/eeo-category.json
helix/eeo-category,clerical_secretarial,Clerical/Secretarial,"Support staff in office and administrative roles: administrative assistants, office managers, data entry, receptionists, records clerks. Aligns with IPEDS Office and Administrative Support Occupations (SOC 43-0000).",core/terminologies/eeo-category.json
helix/eeo-category,technical_paraprofessional,Technical/Paraprofessional,"Workers in technical roles typically requiring specialized training or an associate degree: lab technicians, IT support, library paraprofessionals, medical technicians, engineering technicians. Aligns with IPEDS Healthcare Practitioners, Computer/Engineering/Science Technicians.",core/terminologies/eeo-category.json
helix/eeo-category,skilled_crafts,Skilled Crafts,"Workers in trades requiring apprenticeship or vocational training: electricians, plumbers, HVAC technicians, carpenters, painters, groundskeepers. Aligns with IPEDS Construction, Installation/Maintenance/Repair Occupations.",core/terminologies/eeo-category.json
helix/eeo-category,service_maintenance,Service/Maintenance,"Workers in building maintenance, custodial, food service, public safety, transportation, and similar operational roles. Aligns with IPEDS Service Occupations (SOC 31-0000, 33-0000, 35-0000, 37-0000, 39-0000, 53-0000).",core/terminologies/eeo-category.json
helix/employment-status,active,Active,"Currently employed and in active pay status. Includes workers on regular schedule, reduced schedule, or modified duties.",core/terminologies/employment-status.json
helix/employment-status,inactive,Inactive,Employment record exists but individual is not currently in active pay status. Used for seasonal workers between terms or workers awaiting administrative processing.,core/terminologies/employment-status.json
helix/employment-status,leave_of_absence,Leave of Absence,"Approved absence from duties with employment relationship maintained. Includes FMLA, personal leave, medical leave, military leave, sabbatical. Benefits continuation varies by leave type and institutional policy.",core/terminologies/employment-status.json
helix/employment-status,terminated,Terminated,"Employment relationship ended, either voluntarily (resignation) or involuntarily (dismissal, layoff, reduction in force). Triggers COBRA notification, final pay requirements, and exit processing.",core/terminologies/employment-status.json
helix/employment-status,retired,Retired,"Employment ended through formal retirement. May trigger retiree benefits (if offered), emeritus consideration (for faculty), and pension/403(b) distribution eligibility.",core/terminologies/employment-status.json
helix/employment-status,suspended,Suspended,"Employment relationship maintained but worker is temporarily removed from duties, with or without pay. Typically pending investigation or disciplinary action.",core/terminologies/employment-status.json
helix/employment-status,deceased,Deceased,"Worker is deceased. Triggers survivor benefit processing, final pay to estate, life insurance claim, and tax document generation (W-2 to estate/beneficiary).",core/terminologies/employment-status.json
helix/employment-status,furloughed,Furloughed,"Temporary unpaid leave initiated by the institution, typically due to budget constraints. Employment relationship maintained; worker retains benefits eligibility in most cases.",core/terminologies/employment-status.json
helix/enrollment-funnel-stage,suspect,Suspect,"Name purchased or scraped from College Board, ACT, NRCCUA, or other list source. No interaction yet.",core/terminologies/enrollment-funnel-stage.json
helix/enrollment-funnel-stage,inquiry,Inquiry,"Student has initiated contact: RFI form, campus visit request, email, test score send, or fair card.",core/terminologies/enrollment-funnel-stage.json
helix/enrollment-funnel-stage,applicant,Applicant,Student has submitted an application for admission.,core/terminologies/enrollment-funnel-stage.json
helix/enrollment-funnel-stage,admitted,Admitted,Application approved. Admit letter/package sent.,core/terminologies/enrollment-funnel-stage.json
helix/enrollment-funnel-stage,confirmed,Confirmed/Deposited,"Student has paid enrollment deposit, confirming intent to enroll.",core/terminologies/enrollment-funnel-stage.json
helix/enrollment-funnel-stage,registered,Registered,Student has completed orientation and/or registered for courses.,core/terminologies/enrollment-funnel-stage.json
helix/enrollment-funnel-stage,enrolled,Enrolled,Student attended first day/census. Officially counted in enrollment.,core/terminologies/enrollment-funnel-stage.json
helix/enrollment-funnel-stage,melted,Melted (Summer Melt),Student confirmed/deposited but did not register or attend. Lost between confirmation and enrollment.,core/terminologies/enrollment-funnel-stage.json
helix/enrollment-funnel-stage,denied,Denied,Application was not approved.,core/terminologies/enrollment-funnel-stage.json
helix/enrollment-funnel-stage,withdrawn,Withdrawn,Student withdrew application or rescinded deposit before enrollment.,core/terminologies/enrollment-funnel-stage.json
,registered,Registered,Student has registered but the term has not started or census has not passed,core/terminologies/enrollment-status.json
,waitlisted,Waitlisted,Student is on a waitlist for the section,core/terminologies/enrollment-status.json
,enrolled,Enrolled,Student is confirmed enrolled (post-census or post-start),core/terminologies/enrollment-status.json
,dropped,Dropped,Student dropped the course before the institution's drop deadline (typically no record on transcript),core/terminologies/enrollment-status.json
,withdrawn,Withdrawn,Student withdrew after the drop deadline (typically a 'W' on transcript),core/terminologies/enrollment-status.json
,completed,Completed,Student completed the course and received a final grade,core/terminologies/enrollment-status.json
,incomplete,Incomplete,Student received an incomplete grade with a deadline for completion,core/terminologies/enrollment-status.json
,auditing,Auditing,Student is attending the course without receiving credit or a grade,core/terminologies/enrollment-status.json
helix/ethnicity,hispanic_latino,Hispanic or Latino,"A person of Cuban, Mexican, Puerto Rican, South or Central American, or other Spanish culture or origin, regardless of race",core/terminologies/ethnicity.json
helix/ethnicity,american_indian_alaska_native,American Indian or Alaska Native,,core/terminologies/ethnicity.json
helix/ethnicity,asian,Asian,,core/terminologies/ethnicity.json
helix/ethnicity,black_african_american,Black or African American,,core/terminologies/ethnicity.json
helix/ethnicity,native_hawaiian_pacific_islander,Native Hawaiian or Other Pacific Islander,,core/terminologies/ethnicity.json
helix/ethnicity,white,White,,core/terminologies/ethnicity.json
helix/ethnicity,two_or_more,Two or More Races,Derived category for IPEDS reporting. Calculated when multiple race codes are selected.,core/terminologies/ethnicity.json
helix/ethnicity,nonresident_alien,Nonresident Alien,IPEDS category for international students on non-immigrant visas. NOT a race/ethnicity; used as an IPEDS reporting overlay.,core/terminologies/ethnicity.json
helix/ethnicity,unknown,Race/Ethnicity Unknown,Person declined to report or data is not available,core/terminologies/ethnicity.json
helix/ethnicity,other,Other,A category not captured above. Document in institution or country-specific profile.,core/terminologies/ethnicity.json
helix/expense-status,draft,Draft,"Expense report started but not yet submitted. Employee is adding receipts, coding expenses to chartfields, and calculating mileage or per diem amounts.",core/terminologies/expense-status.json
helix/expense-status,submitted,Submitted,Expense report submitted for approval. Routing to the appropriate approver(s) based on institutional travel policy and delegation of authority.,core/terminologies/expense-status.json
helix/expense-status,pending_approval,Pending Approval,"Under review by one or more approvers. May require department head, PI (for grant-funded travel), and/or dean approval depending on dollar amount and funding source.",core/terminologies/expense-status.json
helix/expense-status,approved,Approved,All required approvals obtained. Routed to accounts payable/travel office for audit and payment processing.,core/terminologies/expense-status.json
helix/expense-status,paid,Paid/Reimbursed,Reimbursement issued to the employee via direct deposit or check. Typically processed within 5-10 business days of final approval. Grant-funded travel may take longer due to additional compliance review.,core/terminologies/expense-status.json
helix/expense-status,returned,Returned for Correction,"Report sent back to the submitter due to issues: missing receipts, incorrect account coding, policy violations (exceeded per diem, unauthorized expenses), or missing pre-trip authorization.",core/terminologies/expense-status.json
helix/expense-status,denied,Denied,"Expense report rejected. Common reasons: expense not allowable per policy, insufficient documentation, travel not pre-approved, exceeds budget authority, or retroactive request beyond the submission deadline (typically 30-60 days).",core/terminologies/expense-status.json
helix/expense-status,under_audit,Under Audit,"Report flagged for detailed review by the travel office or internal audit. May be random selection, high-dollar threshold, or triggered by anomaly detection. Employee may need to provide additional documentation.",core/terminologies/expense-status.json
helix/faculty-rank,instructor,Instructor,"Entry-level teaching appointment, typically requiring a master's degree. Usually non-tenure-track. May be full-time or part-time. Some institutions use this rank for ABD (all but dissertation) candidates.",core/terminologies/faculty-rank.json
helix/faculty-rank,lecturer,Lecturer,"Teaching-focused appointment, typically non-tenure-track. May be full-time with renewable multi-year contracts. Some institutions have a lecturer promotion track (Lecturer → Senior Lecturer → Principal Lecturer/Teaching Professor).",core/terminologies/faculty-rank.json
helix/faculty-rank,senior_lecturer,Senior Lecturer,Promoted teaching-focused rank above Lecturer. Recognizes sustained excellence in teaching and service. May carry additional responsibilities such as curriculum coordination or mentoring.,core/terminologies/faculty-rank.json
helix/faculty-rank,assistant_professor,Assistant Professor,"First rank on the tenure track at most institutions. Typically a 6-year probationary period before tenure review. Expected to develop a research/scholarly agenda, establish a teaching record, and demonstrate service.",core/terminologies/faculty-rank.json
helix/faculty-rank,associate_professor,Associate Professor,"Awarded upon successful tenure review (at most institutions, tenure and promotion to Associate are simultaneous). Demonstrates sustained scholarly productivity, teaching effectiveness, and institutional service.",core/terminologies/faculty-rank.json
helix/faculty-rank,full_professor,Professor,"Highest standard rank, awarded upon promotion from Associate Professor. Demonstrates national/international distinction in scholarship, excellence in teaching, and significant service/leadership. No fixed timeline; many remain Associate for career.",core/terminologies/faculty-rank.json
helix/faculty-rank,distinguished_professor,Distinguished Professor,"Honorary or endowed rank above Professor, recognizing exceptional career achievement. Often carries a named title (e.g., 'University Distinguished Professor,' 'Regents Professor'). May include an endowed salary supplement.",core/terminologies/faculty-rank.json
helix/faculty-rank,university_professor,University Professor,Institutional-level appointment transcending departmental boundaries. Recognizes scholars whose work spans disciplines. Reports to provost rather than a department chair. Rare and prestigious.,core/terminologies/faculty-rank.json
helix/faculty-rank,emeritus_professor,Emeritus Professor,Honorary title granted to retired faculty in recognition of distinguished service. Conferred by the governing board on recommendation of the department and provost. Retains certain privileges but is not actively employed.,core/terminologies/faculty-rank.json
helix/faculty-rank,clinical_professor,Clinical Professor,"Non-tenure-track rank for faculty primarily engaged in clinical teaching, supervision, or professional practice. Common in health sciences, law, education, and business. May have its own promotion track (Clinical Assistant → Clinical Associate → Clinical Full).",core/terminologies/faculty-rank.json
helix/faculty-rank,research_professor,Research Professor,Non-tenure-track rank for faculty primarily funded by external grants/contracts. Expected to be substantially (often 80-100%) externally funded. May have its own promotion track. Teaching is typically minimal or by choice.,core/terminologies/faculty-rank.json
helix/faculty-rank,professor_of_practice,Professor of Practice,"Non-tenure-track rank for individuals with significant professional experience outside academia who bring practitioner expertise to teaching. Common in business, engineering, law, and public policy. Terminal degree not always required.",core/terminologies/faculty-rank.json
helix/faculty-rank,visiting_professor,Visiting Professor,Temporary appointment (typically 1-2 years) for a faculty member from another institution or a scholar-in-residence. Rank mirrors the visitor's home rank or the level of the appointment.,core/terminologies/faculty-rank.json
helix/flsa-status,exempt,Exempt,"Employee exempt from FLSA overtime provisions. Must meet both salary threshold ($35,568/year as of 2024 DOL rule, subject to judicial review) and duties test (executive, administrative, professional, computer, or outside sales exemption). Most faculty, administrators, and professional staff are exempt.",core/terminologies/flsa-status.json
helix/flsa-status,non_exempt,Non-Exempt,"Employee entitled to FLSA overtime (1.5x regular rate for hours over 40 per workweek). Must track hours worked. Includes most clerical, technical, skilled trades, and service/maintenance workers. Student workers are typically non-exempt but may be FICA-exempt.",core/terminologies/flsa-status.json
helix/flsa-status,exempt_teaching,Exempt — Teaching Professional,"Faculty and instructors meeting the learned professional exemption for teaching. No salary threshold required for bona fide teachers. Primary duty must be teaching, tutoring, instructing, or lecturing.",core/terminologies/flsa-status.json
helix/fund-type,unrestricted,Unrestricted Operating,"General operating funds with no externally imposed restrictions on use. Funded primarily by tuition, state appropriations (public), and unrestricted gifts. The institution's primary discretionary resource pool.",core/terminologies/fund-type.json
helix/fund-type,temporarily_restricted,Temporarily Restricted,Funds restricted by the donor or grantor for a specific purpose or time period. Restriction is satisfied when the purpose is fulfilled or the time period elapses. FASB ASC 958 (private institutions) terminology; GASB uses 'restricted — expendable.',core/terminologies/fund-type.json
helix/fund-type,permanently_restricted,Permanently Restricted (Endowment),"Funds where the donor has stipulated that the principal must be maintained in perpetuity. Only the investment return (subject to spending policy) may be used, and typically only for the donor's designated purpose. FASB ASC 958 terminology; GASB uses 'restricted — nonexpendable.'",core/terminologies/fund-type.json
helix/fund-type,endowment,True Endowment,Donor-restricted fund where the corpus is permanently invested and cannot be spent. Income distributed per the institution's spending policy (typically 4-5% of trailing average market value). Subject to UPMIFA (Uniform Prudent Management of Institutional Funds Act).,core/terminologies/fund-type.json
helix/fund-type,quasi_endowment,Quasi-Endowment (Board-Designated),"Funds functioning as endowment at the discretion of the governing board, but without a donor restriction requiring permanent investment. The board may choose to invade the principal. Reported as unrestricted in financial statements.",core/terminologies/fund-type.json
helix/fund-type,agency,Agency Fund,"Funds held by the institution as custodian or fiscal agent for others (student organizations, external groups). The institution has no equity; assets equal liabilities. Common for student activity fees collected and disbursed.",core/terminologies/fund-type.json
helix/fund-type,loan,Loan Fund,Funds available for student or employee loans. Includes federal revolving loan programs (Perkins — now winding down) and institutional loan programs. Repayments recirculate into the fund.,core/terminologies/fund-type.json
helix/fund-type,plant,Plant Fund,"Funds used for acquisition, renewal, replacement, and retirement of institutional physical plant (buildings, equipment, infrastructure). Includes unexpended plant, renewals and replacements, retirement of indebtedness, and investment in plant sub-funds.",core/terminologies/fund-type.json
helix/fund-type,auxiliary,Auxiliary Enterprise Fund,"Self-supporting operations that provide goods/services primarily to students, faculty, or staff: housing, dining, bookstore, parking, athletics (at some institutions), student health, recreation. Revenue should cover costs including debt service.",core/terminologies/fund-type.json
helix/fund-type,grant_sponsored,Grant/Sponsored Program Fund,"Funds from external sponsors (federal, state, foundation, corporate) for specific research, training, or service activities. Subject to the terms of the award and OMB Uniform Guidance (2 CFR 200). Each award typically has its own fund or project code.",core/terminologies/fund-type.json
helix/fund-type,designated,Designated/Board-Restricted,"Unrestricted funds that the institution's leadership has internally designated for a specific purpose (e.g., strategic initiative fund, deferred maintenance fund, rainy day reserve). Can be undesignated by the same authority that designated them.",core/terminologies/fund-type.json
helix/fund-type,current_restricted,Current Restricted (Non-Endowment),"Restricted funds that are expendable for a specific purpose in the current or near-term period. Examples: scholarships restricted by the donor to a specific major, gifts restricted to a specific building project. Distinguished from endowment income which is also restricted but perpetual.",core/terminologies/fund-type.json
helix/gender-identity,man,Man,,core/terminologies/gender-identity.json
helix/gender-identity,woman,Woman,,core/terminologies/gender-identity.json
helix/gender-identity,nonbinary,Non-Binary,,core/terminologies/gender-identity.json
helix/gender-identity,transgender_man,Transgender Man,,core/terminologies/gender-identity.json
helix/gender-identity,transgender_woman,Transgender Woman,,core/terminologies/gender-identity.json
helix/gender-identity,genderqueer,Genderqueer/Gender Non-Conforming,,core/terminologies/gender-identity.json
helix/gender-identity,two_spirit,Two-Spirit,Indigenous identity. Include only when culturally appropriate.,core/terminologies/gender-identity.json
helix/gender-identity,prefer_not_to_say,Prefer Not to Say,,core/terminologies/gender-identity.json
helix/gender-identity,not_listed,A Gender Not Listed Here,,core/terminologies/gender-identity.json
helix/gender-identity,unknown,Unknown,,core/terminologies/gender-identity.json
helix/gender,male,Male,,core/terminologies/gender.json
helix/gender,female,Female,,core/terminologies/gender.json
helix/gender,nonbinary,Non-Binary,Legal gender is non-binary (recognized in some jurisdictions),core/terminologies/gender.json
helix/gender,unknown,Unknown,Gender is not known or not disclosed,core/terminologies/gender.json
helix/gender,other,Other,A gender not captured by the above codes. Document in extensions.,core/terminologies/gender.json
helix/gift-type,outright_gift,Outright Gift,"Immediate, completed gift of cash or equivalents",core/terminologies/gift-type.json
helix/gift-type,pledge,Pledge,Commitment to give a specified amount over a defined period,core/terminologies/gift-type.json
helix/gift-type,pledge_payment,Pledge Payment,Payment toward a previously made pledge,core/terminologies/gift-type.json
helix/gift-type,matching_gift,Matching Gift,Corporate employer match of an employee's gift,core/terminologies/gift-type.json
helix/gift-type,planned_gift,Planned Gift,"Deferred gift through estate/financial planning (trust, annuity, will)",core/terminologies/gift-type.json
helix/gift-type,bequest,Bequest,Gift received from a deceased donor's estate,core/terminologies/gift-type.json
helix/gift-type,in_kind,In-Kind Gift,"Non-cash gift of goods, services, or property",core/terminologies/gift-type.json
helix/gift-type,stock_transfer,Stock/Securities Transfer,Gift of publicly traded or private securities,core/terminologies/gift-type.json
helix/gift-type,real_property,Real Property,Gift of real estate,core/terminologies/gift-type.json
helix/gift-type,qcd,Qualified Charitable Distribution,Direct transfer from IRA to institution (age 70½+),core/terminologies/gift-type.json
helix/gift-type,daf,Donor Advised Fund,"Grant from a donor advised fund (Fidelity Charitable, Schwab, etc.)",core/terminologies/gift-type.json
helix/gift-type,corporate_grant,Corporate Grant,Grant from a corporation (distinct from matching gift),core/terminologies/gift-type.json
helix/gift-type,foundation_grant,Foundation Grant,Grant from a private or community foundation,core/terminologies/gift-type.json
helix/gift-type,other,Other,,core/terminologies/gift-type.json
,standard,Standard Letter Grade,Traditional A-F grading scale with GPA impact,core/terminologies/grade-mode.json
,pass_fail,Pass/Fail,Binary pass or fail with no GPA impact,core/terminologies/grade-mode.json
,audit,Audit,No grade or credit awarded; student attends for learning only,core/terminologies/grade-mode.json
,satisfactory_unsatisfactory,Satisfactory/Unsatisfactory,"S/U grading, common for graduate research hours or clinical rotations",core/terminologies/grade-mode.json
,other,Other,An institution-specific grading mode. Document in extensions.,core/terminologies/grade-mode.json
helix/grant-status,pre_award,Pre-Award,"Proposal submitted to the sponsor; award not yet received. Institutional pre-award office has reviewed budget, compliance, and authorized submission. May include pre-award spending authorization if sponsor allows.",core/terminologies/grant-status.json
helix/grant-status,pending,Pending/Under Review,"Proposal is being reviewed by the funding agency. May involve peer review, panel review, or program officer evaluation. Timeline varies: NSF 6 months, NIH 9-12 months, foundations 2-4 months.",core/terminologies/grant-status.json
helix/grant-status,negotiation,Award Negotiation,"Sponsor intends to fund but terms are being negotiated. Common negotiation points: F&A rate, cost sharing, publication rights, IP ownership, subaward terms, human subjects protocol approval.",core/terminologies/grant-status.json
helix/grant-status,active,Active,"Award received, account established, spending authorized. PI can charge allowable costs to the grant account. Subject to periodic reporting (technical and financial) per the award terms.",core/terminologies/grant-status.json
helix/grant-status,no_cost_extension,No-Cost Extension (NCE),"Award period extended without additional funding. Allows the PI to complete the scope of work with remaining funds. First NCE may be grantee-approved (NIH, NSF); subsequent NCEs require sponsor approval.",core/terminologies/grant-status.json
helix/grant-status,suspended,Suspended,"Spending temporarily halted by the institution or sponsor. Common reasons: compliance violation, audit finding, IRB/IACUC protocol expiration, PI departure, effort certification delinquency.",core/terminologies/grant-status.json
helix/grant-status,closed,Closed,Award period ended and all spending completed. Final financial report (FFR/SF-425) and technical report submitted to sponsor. Any unspent funds returned or applied per sponsor policy. Account closed to new charges.,core/terminologies/grant-status.json
helix/grant-status,final_reporting,Final Reporting Period,"Award has ended but the institution is within the final reporting window (typically 90-120 days). Final invoices, cost transfers, and adjustments being processed. Account open for adjustments only, not new spending.",core/terminologies/grant-status.json
helix/grant-status,audit,Under Audit,"Award selected for audit by the sponsor, OIG, or as part of the institution's Single Audit (2 CFR 200 Subpart F). Records must be retained and available. May delay account closure.",core/terminologies/grant-status.json
helix/grant-status,subaward_pending,Subaward Pending,Primary award is active but a subaward to a partner institution has not yet been fully executed. Monitoring status of the sub-recipient's compliance documentation and budget negotiation.,core/terminologies/grant-status.json
helix/hold-type,registration,Registration Hold,Prevents the student from registering for courses,core/terminologies/hold-type.json
helix/hold-type,financial,Financial Hold,"Unpaid balance or financial obligation. May prevent registration, transcript release, or graduation.",core/terminologies/hold-type.json
helix/hold-type,academic,Academic Hold,"Academic deficiency (GPA, SAP, etc.). May require advising clearance before registration.",core/terminologies/hold-type.json
helix/hold-type,disciplinary,Disciplinary Hold,Conduct or disciplinary action pending or in effect,core/terminologies/hold-type.json
helix/hold-type,transcript,Transcript Hold,Prevents release of official transcripts,core/terminologies/hold-type.json
helix/hold-type,graduation,Graduation Hold,"Prevents degree conferral (e.g., outstanding requirements, exit interview)",core/terminologies/hold-type.json
helix/hold-type,library,Library Hold,Overdue materials or library fines,core/terminologies/hold-type.json
helix/hold-type,health_compliance,Health Compliance Hold,"Missing immunization records, health insurance verification, or other health requirements",core/terminologies/hold-type.json
helix/hold-type,admissions,Admissions Hold,"Missing admissions documents (final transcript, test scores, etc.)",core/terminologies/hold-type.json
helix/hold-type,international,International Hold,"Visa compliance, SEVIS reporting, or international student office clearance",core/terminologies/hold-type.json
helix/hold-type,parking,Parking Hold,Unpaid parking fines or violations,core/terminologies/hold-type.json
helix/hold-type,other,Other,,core/terminologies/hold-type.json
helix/identifier-type,institutional_id,Institutional ID,The primary student/person ID assigned by the institution,core/terminologies/identifier-type.json
helix/identifier-type,national_id,National ID,"Government-issued national identifier (e.g., SSN in US, SIN in Canada, NI Number in UK)",core/terminologies/identifier-type.json
helix/identifier-type,ssn_last4,SSN Last 4,Last 4 digits of Social Security Number. Full SSN should never be stored in HELIX.,core/terminologies/identifier-type.json
helix/identifier-type,passport,Passport Number,,core/terminologies/identifier-type.json
helix/identifier-type,drivers_license,Driver's License Number,,core/terminologies/identifier-type.json
helix/identifier-type,login,Login/Username,Institutional login or network username,core/terminologies/identifier-type.json
helix/identifier-type,email,Email Address,"When used as an identifier (e.g., for SSO matching)",core/terminologies/identifier-type.json
helix/identifier-type,erp_internal_key,ERP Internal Key,"System-generated internal key (e.g., Banner PIDM, PeopleSoft EmplID). Not typically exposed to end users.",core/terminologies/identifier-type.json
helix/identifier-type,prior_institution_id,Prior Institution ID,ID from a previous institution (useful for transfer matching),core/terminologies/identifier-type.json
helix/identifier-type,clearing_house_id,Clearing House ID,National Student Clearinghouse or equivalent ID,core/terminologies/identifier-type.json
helix/identifier-type,orcid,ORCID,Open Researcher and Contributor ID for research/publishing,core/terminologies/identifier-type.json
helix/identifier-type,other,Other,,core/terminologies/identifier-type.json
helix/learning-type,course,Formal Course,"Credit or non-credit course taken at the institution or elsewhere, often under the tuition waiver benefit. May count toward a degree, certificate, or professional credential.",core/terminologies/learning-type.json
helix/learning-type,workshop,Workshop,"Structured, interactive training session, typically 2-8 hours. May be offered by HR, the teaching center, IT, or an external provider. Common topics: Banner navigation, budget management, inclusive teaching practices.",core/terminologies/learning-type.json
helix/learning-type,certification,Certification Program,"Program leading to a professional credential (e.g., PMP, SHRM-CP, CPA continuing education, CITI research ethics). Institution may fund exam fees and preparation materials.",core/terminologies/learning-type.json
helix/learning-type,conference,Conference/Symposium,"Professional conference attendance, including presentation or attendance. Funded through professional development budgets. Requires travel authorization and post-travel reporting at most institutions.",core/terminologies/learning-type.json
helix/learning-type,webinar,Webinar/Virtual Training,"Online synchronous training session. May be recorded for asynchronous viewing. Increasingly common for compliance training (Title IX, FERPA, cybersecurity awareness).",core/terminologies/learning-type.json
helix/learning-type,self_paced,Self-Paced / E-Learning,"Asynchronous online learning modules accessed through the LMS or external platform (LinkedIn Learning, Coursera, etc.). Often used for compliance training with completion tracking and certificate generation.",core/terminologies/learning-type.json
helix/learning-type,on_the_job,On-the-Job Training,"Structured learning occurring during normal work through observation, shadowing, job rotation, or stretch assignments. Typically documented in the performance management system.",core/terminologies/learning-type.json
helix/learning-type,mentoring,Mentoring Program,"Formal or informal pairing of experienced and less-experienced employees for professional growth. May be part of new employee onboarding, leadership development, or faculty development programs.",core/terminologies/learning-type.json
helix/learning-type,compliance_training,Mandatory Compliance Training,"Required training for regulatory compliance: Title IX, FERPA, GLBA information security, Clery Act, hazardous materials, conflict of interest, responsible conduct of research, driver safety. Non-completion may trigger hold on system access or pay.",core/terminologies/learning-type.json
helix/pay-frequency,biweekly,Biweekly,Paid every two weeks (26 pay periods per year). Most common for hourly/non-exempt staff in higher education. Creates occasional three-paycheck months.,core/terminologies/pay-frequency.json
helix/pay-frequency,semimonthly,Semi-Monthly,"Paid twice per month, typically on the 1st and 15th or 15th and last day (24 pay periods per year). Common for exempt staff at some institutions.",core/terminologies/pay-frequency.json
helix/pay-frequency,monthly,Monthly,Paid once per month (12 pay periods per year). Most common for faculty and senior administrators. 9-month faculty may receive pay over 9 or 12 months depending on election.,core/terminologies/pay-frequency.json
helix/pay-frequency,weekly,Weekly,Paid every week (52 pay periods per year). Less common in higher ed; used at some institutions for temporary and student workers.,core/terminologies/pay-frequency.json
helix/pay-frequency,annual,Annual (Lump Sum),"Single payment for the full appointment period. Used for some fellowship stipends, one-time consulting arrangements, or athletic bonuses.",core/terminologies/pay-frequency.json
helix/pay-frequency,per_course,Per Course,"Compensation calculated and paid per course taught. Standard for adjunct faculty. Payment schedule varies: lump sum at term start, split across term pay periods, or paid at term end.",core/terminologies/pay-frequency.json
helix/payment-status,pending,Pending,"Payment request received but not yet approved or scheduled. Awaiting department approval, budget check, or documentation review.",core/terminologies/payment-status.json
helix/payment-status,approved,Approved,Payment approved through all required authorization levels. Queued for the next payment cycle.,core/terminologies/payment-status.json
helix/payment-status,scheduled,Scheduled,"Payment approved and included in an upcoming payment batch. Payment date and method (check, ACH, wire) assigned.",core/terminologies/payment-status.json
helix/payment-status,paid,Paid,Payment issued to the payee. For checks: printed and mailed/distributed. For ACH/wire: transmitted to the bank. Payment number and date recorded.,core/terminologies/payment-status.json
helix/payment-status,voided,Voided,Payment cancelled after issuance but before clearing. For checks: stop payment issued. Creates a reversing entry against the original payment. Requires re-issuance if the underlying obligation remains.,core/terminologies/payment-status.json
helix/payment-status,cancelled,Cancelled,Payment request cancelled before issuance. The voucher or payment request is closed. Budget and encumbrance may be released.,core/terminologies/payment-status.json
helix/payment-status,returned,Returned,"Payment returned by the bank (ACH return, uncashed check). Common reasons: incorrect account number, closed account, deceased payee. Triggers re-investigation and re-issuance.",core/terminologies/payment-status.json
helix/payment-status,partially_paid,Partially Paid,"Only a portion of the invoiced amount has been paid. Remaining balance is open. Common for progress payments on contracts, partial shipments on POs, or payment disputes.",core/terminologies/payment-status.json
helix/payment-status,held,Held/On Hold,"Payment approved but intentionally held from disbursement. Reasons: vendor dispute, W-9 not on file, missing tax ID, debarred vendor flag, or 1099 compliance issue.",core/terminologies/payment-status.json
helix/performance-rating,exceptional,Exceptional,"Performance consistently and significantly exceeds expectations. Demonstrates outstanding contributions, innovation, and impact well beyond the scope of the position. Reserved for truly extraordinary performance (typically no more than 5-10% of workforce).",core/terminologies/performance-rating.json
helix/performance-rating,exceeds_expectations,Exceeds Expectations,"Performance regularly exceeds the requirements of the position. Delivers high-quality work ahead of schedule, takes on additional responsibilities, and contributes beyond assigned duties.",core/terminologies/performance-rating.json
helix/performance-rating,meets_expectations,Meets Expectations,"Performance fully meets the requirements and standards of the position. Consistently delivers quality work, meets deadlines, and fulfills all position responsibilities. This is the expected performance level for a competent employee.",core/terminologies/performance-rating.json
helix/performance-rating,partially_meets,Partially Meets Expectations,"Performance meets some but not all position requirements. Some areas need improvement. Typically triggers a performance improvement plan (PIP) with specific goals, timeline (30-90 days), and support resources.",core/terminologies/performance-rating.json
helix/performance-rating,does_not_meet,Does Not Meet Expectations,"Performance fails to meet minimum requirements of the position despite prior feedback and support. May trigger formal corrective action, reassignment, or termination process. Must be well-documented.",core/terminologies/performance-rating.json
helix/performance-rating,not_rated,Not Rated,"Performance not formally evaluated for this period. Used for new employees in probationary period, employees on extended leave, or positions where evaluation was deferred.",core/terminologies/performance-rating.json
helix/performance-rating,improvement_demonstrated,Improvement Demonstrated,Used following a performance improvement plan (PIP). Employee has shown measurable progress toward meeting expectations but monitoring continues. PIP may be extended or concluded.,core/terminologies/performance-rating.json
,semester,Semester,"A ~15-week academic term (typically Fall, Spring). Most common in US institutions.",core/terminologies/period-type.json
,quarter,Quarter,"A ~10-week academic term (typically Fall, Winter, Spring, Summer)",core/terminologies/period-type.json
,trimester,Trimester,A ~13-week term dividing the year into three periods,core/terminologies/period-type.json
,session,Session,A sub-term or accelerated term within a semester or quarter,core/terminologies/period-type.json
,mini_term,Mini-Term,"A short-duration term (e.g., May term, Winterim, 8-week session)",core/terminologies/period-type.json
,academic_year,Academic Year,"A full academic year container (e.g., '2026-2027'). Used for annual financial aid and reporting.",core/terminologies/period-type.json
,other,Other,A period type not covered by the standard codes. Document in extensions.,core/terminologies/period-type.json
helix/position-status,open,Open,Position is authorized and funded but currently vacant. Available for recruitment or internal transfer.,core/terminologies/position-status.json
helix/position-status,filled,Filled,Position is occupied by an active worker. One position may map to multiple workers if job-shared.,core/terminologies/position-status.json
helix/position-status,frozen,Frozen,"Position exists in the system but hiring is suspended, typically due to budget constraints or hiring freeze. The position's budget may be temporarily redirected.",core/terminologies/position-status.json
helix/position-status,abolished,Abolished,Position has been permanently eliminated. Budget line removed. Cannot be filled without re-creation through position management approval process.,core/terminologies/position-status.json
helix/position-status,proposed,Proposed,"New position request submitted but not yet approved through governance process. Awaiting budget approval, classification review, and/or provost/VP authorization.",core/terminologies/position-status.json
helix/position-status,pooled,Pooled,"Position used for temporary or student worker appointments where multiple individuals can be appointed against the same position number. Common for adjunct pools, student worker pools.",core/terminologies/position-status.json
helix/prospect-stage,identification,Identification,"Prospect identified through screening, referral, or research. Not yet qualified.",core/terminologies/prospect-stage.json
helix/prospect-stage,qualification,Qualification,"Research and initial outreach to determine interest, capacity, and inclination.",core/terminologies/prospect-stage.json
helix/prospect-stage,cultivation,Cultivation,"Active relationship-building: meetings, events, campus visits, engagement activities.",core/terminologies/prospect-stage.json
helix/prospect-stage,solicitation,Solicitation,Formal ask has been made or is imminent.,core/terminologies/prospect-stage.json
helix/prospect-stage,stewardship,Stewardship,"Post-gift acknowledgment, impact reporting, and continued relationship management.",core/terminologies/prospect-stage.json
helix/prospect-stage,none,Not in Pipeline,Constituent is not currently in the moves management pipeline.,core/terminologies/prospect-stage.json
helix/purchase-order-status,draft,Draft,"PO created but not yet submitted for approval. Requester is finalizing specifications, quantities, vendor selection, and budget coding.",core/terminologies/purchase-order-status.json
helix/purchase-order-status,pending_approval,Pending Approval,"PO submitted and routing through institutional approval workflow. Approval levels determined by dollar amount (e.g., department head up to $5K, dean up to $25K, VP up to $100K, president/board above).",core/terminologies/purchase-order-status.json
helix/purchase-order-status,approved,Approved,PO approved at all required levels. Budget checked and encumbered. Ready to dispatch to vendor.,core/terminologies/purchase-order-status.json
helix/purchase-order-status,dispatched,Dispatched,"PO sent to the vendor. Serves as the institution's contractual commitment to purchase. Includes delivery terms, payment terms, and any special conditions.",core/terminologies/purchase-order-status.json
helix/purchase-order-status,partially_received,Partially Received,"Some items on the PO have been received and receipted; others are outstanding. Partial payment may be processed via 3-way match (PO, receipt, invoice).",core/terminologies/purchase-order-status.json
helix/purchase-order-status,received,Fully Received,All items/services on the PO have been received and receipted. Ready for final invoice matching and payment processing.,core/terminologies/purchase-order-status.json
helix/purchase-order-status,closed,Closed,PO fully received and all invoices paid. Any remaining encumbrance is liquidated (released back to available budget). PO is archived.,core/terminologies/purchase-order-status.json
helix/purchase-order-status,cancelled,Cancelled,"PO cancelled before completion. Encumbrance reversed. If any payments were made (partial receipt), the cancellation applies only to the unreceived portion. May require vendor notification.",core/terminologies/purchase-order-status.json
helix/purchase-order-status,change_order,Change Order/Amendment,"PO modified after dispatch. Changes may include quantity, price, delivery date, or specifications. Requires approval and may re-trigger budget checking if the total increases.",core/terminologies/purchase-order-status.json
helix/requisition-status,draft,Draft,"Requisition created but not yet submitted for approval. Hiring manager is still completing position details, justification, and funding information.",core/terminologies/requisition-status.json
helix/requisition-status,pending_approval,Pending Approval,"Requisition submitted and awaiting approval through the institutional chain (department head, dean/VP, budget office, HR classification, provost, president — varies by position level).",core/terminologies/requisition-status.json
helix/requisition-status,approved,Approved,Requisition approved through all required levels. Ready for posting. HR may need to finalize the job posting language and determine advertising venues.,core/terminologies/requisition-status.json
helix/requisition-status,posted,Posted,"Position actively advertised and accepting applications. May be posted internally only, externally, or both. Posting duration governed by policy (minimum 5-14 days typical for staff; 30+ days for faculty).",core/terminologies/requisition-status.json
helix/requisition-status,interviewing,Interviewing/Screening,"Application review period closed (or ongoing for rolling review). Search committee or hiring manager is conducting phone screens, interviews, reference checks, and campus visits (for faculty and senior positions).",core/terminologies/requisition-status.json
helix/requisition-status,offer_extended,Offer Extended,"Preferred candidate identified and formal offer letter sent. Awaiting candidate response. May be contingent on background check, degree verification, and/or board approval.",core/terminologies/requisition-status.json
helix/requisition-status,filled,Filled,"Candidate accepted offer and start date confirmed. Requisition closed. Triggers onboarding workflow (I-9, benefits enrollment, system access provisioning, orientation scheduling).",core/terminologies/requisition-status.json
helix/requisition-status,cancelled,Cancelled,"Requisition withdrawn. Search terminated without a hire. May be due to budget cuts, reorganization, failed search (no suitable candidates), or decision to redefine the position.",core/terminologies/requisition-status.json
helix/requisition-status,on_hold,On Hold,"Requisition temporarily suspended. Common during budget uncertainty, hiring freezes, or when the search is paused for administrative reasons. Can be reactivated without re-approval at some institutions.",core/terminologies/requisition-status.json
helix/requisition-status,waiver_requested,Search Waiver Requested,"Request submitted to bypass standard search process for a direct appointment (e.g., internal promotion, spousal/partner hire, emergency appointment). Requires EEO/AA office and senior leadership approval.",core/terminologies/requisition-status.json
helix/sap-status,meeting,Meeting SAP,"Student meets all SAP requirements (GPA, pace, maximum timeframe)",core/terminologies/sap-status.json
helix/sap-status,warning,SAP Warning,Student failed to meet SAP at the end of a payment period. Eligible for aid for one more period without appeal.,core/terminologies/sap-status.json
helix/sap-status,probation,SAP Probation,"Student failed SAP, appealed successfully, and is on a monitored academic plan. Eligible for aid while on plan.",core/terminologies/sap-status.json
helix/sap-status,suspension,SAP Suspension,Student is ineligible for federal financial aid due to failure to meet SAP requirements,core/terminologies/sap-status.json
helix/sap-status,appeal_approved,Appeal Approved,SAP appeal approved. Student placed on probation with an academic plan.,core/terminologies/sap-status.json
helix/sap-status,not_evaluated,Not Yet Evaluated,"SAP has not been evaluated for this period (e.g., first term)",core/terminologies/sap-status.json
,prospective,Prospective,Person has expressed interest but has not applied,core/terminologies/student-status.json
,applicant,Applicant,Person has submitted an application for admission,core/terminologies/student-status.json
,admitted,Admitted,Application accepted; student has not yet enrolled,core/terminologies/student-status.json
,enrolled,Enrolled,Student is actively registered in courses for a current or future term,core/terminologies/student-status.json
,leave_of_absence,Leave of Absence,Student has an approved leave and intends to return,core/terminologies/student-status.json
,withdrawn,Withdrawn,Student has voluntarily or administratively separated from the institution,core/terminologies/student-status.json
,graduated,Graduated,"Student has been conferred a degree, certificate, or credential",core/terminologies/student-status.json
,deceased,Deceased,Student is deceased. Record retained for historical and compliance purposes.,core/terminologies/student-status.json
helix/student-type,first_time_freshman,First-Time Freshman,"Entering college for the first time (no prior postsecondary enrollment). IPEDS: First-time, first-year.",core/terminologies/student-type.json
helix/student-type,transfer,Transfer Student,Entering with credits from another postsecondary institution,core/terminologies/student-type.json
helix/student-type,readmit,Readmit,"Previously enrolled at this institution, returning after a break in enrollment",core/terminologies/student-type.json
helix/student-type,continuing,Continuing Student,"Currently enrolled, returning for the next term without a break",core/terminologies/student-type.json
helix/student-type,dual_enrollment,Dual Enrollment,High school student simultaneously enrolled in college courses,core/terminologies/student-type.json
helix/student-type,transient,Transient/Visiting,Enrolled at another institution but taking courses here temporarily,core/terminologies/student-type.json
helix/student-type,non_degree,Non-Degree Seeking,Taking courses without pursuing a degree or credential,core/terminologies/student-type.json
helix/student-type,post_baccalaureate,Post-Baccalaureate,"Has a bachelor's degree, taking additional undergraduate courses",core/terminologies/student-type.json
helix/student-type,audit_only,Audit Only,Enrolled solely to audit courses without credit,core/terminologies/student-type.json
helix/student-type,other,Other,,core/terminologies/student-type.json
helix/tenure-status,pre_tenure,Pre-Tenure (Probationary),Faculty member on the tenure track who has not yet undergone tenure review. Typically in a 6-year probationary period with annual reviews and a mid-probationary (third-year) review. Clock extensions may be granted for qualifying life events.,core/terminologies/tenure-status.json
helix/tenure-status,tenured,Tenured,"Faculty member who has been granted tenure following successful review. Provides protection against termination without cause (financial exigency, program discontinuance, or adequate cause with due process). The cornerstone of academic freedom.",core/terminologies/tenure-status.json
helix/tenure-status,non_tenure_track,Non-Tenure-Track (NTT),"Faculty member in a position not eligible for tenure. Includes lecturers, clinical faculty, research faculty, professors of practice, and adjuncts. Appointments may be single-year, multi-year, or rolling. Increasingly the majority of faculty in US higher education.",core/terminologies/tenure-status.json
helix/tenure-status,tenure_denied,Tenure Denied,Faculty member whose tenure application was not approved. Typically results in a terminal-year appointment (one additional year). Denial decisions may be appealed through faculty grievance processes.,core/terminologies/tenure-status.json
helix/tenure-status,tenure_revoked,Tenure Revoked,"Tenure removed through formal proceedings for adequate cause (e.g., professional misconduct, research fraud, dereliction of duty). Requires due process consistent with AAUP guidelines and institutional policy. Extremely rare.",core/terminologies/tenure-status.json
helix/transaction-type,journal_entry,Manual Journal Entry,"Standard journal entry created by accounting staff to record transactions not captured by subsidiary systems (payroll, AP, AR). Requires balancing debits and credits with supporting documentation.",core/terminologies/transaction-type.json
helix/transaction-type,standard,Standard/System-Generated,"Automatic journal entry generated by a subsidiary system (payroll, accounts payable, billing, grants). Posted through batch or real-time integration. Represents the majority of GL activity.",core/terminologies/transaction-type.json
helix/transaction-type,adjustment,Adjustment,"Entry to correct an error, reclassify an expense, or adjust an estimate. Requires explanation/justification and typically additional approval. Common at month-end and year-end.",core/terminologies/transaction-type.json
helix/transaction-type,accrual,Accrual,"Entry to recognize revenue earned or expenses incurred but not yet recorded in cash basis. Examples: unbilled grant revenue, accrued payroll, accrued vacation liability. Required for GAAP compliance.",core/terminologies/transaction-type.json
helix/transaction-type,reversal,Reversal,"Entry that exactly reverses a previous entry, typically an accrual from the prior period. May be automatic (auto-reverse flag) or manual. Posted at the start of the new period.",core/terminologies/transaction-type.json
helix/transaction-type,closing,Closing Entry,"Year-end entry to close revenue and expenditure accounts to fund balance. In fund accounting, closes each fund separately. Prepares the ledger for the new fiscal year.",core/terminologies/transaction-type.json
helix/transaction-type,reclassification,Reclassification,"Entry to move amounts between chartfield combinations (accounts, departments, funds, programs) without changing the net financial position. Common for correcting coding errors or reallocating shared costs.",core/terminologies/transaction-type.json
helix/transaction-type,elimination,Elimination,"Entry to eliminate intra-entity transactions in consolidated financial statements. Used when the institution has component units (foundations, hospital, research corporations) that must be consolidated per GASB standards.",core/terminologies/transaction-type.json
helix/transaction-type,statistical,Statistical Entry,"Non-monetary entry recording statistical data (headcount, square footage, FTE) in the ledger for allocation and reporting purposes. Does not affect financial balances.",core/terminologies/transaction-type.json
helix/transaction-type,budget_entry,Budget Entry,"Entry to record the original budget, budget modifications, or encumbrances. In commitment control systems (PeopleSoft), budget entries establish spending authority against which transactions are checked.",core/terminologies/transaction-type.json
helix/transaction-type,encumbrance,Encumbrance,"Entry to reserve budget for a committed future expenditure (purchase order, contract, salary commitment). Reduces available budget without recording an actual expense. Liquidated when the actual expense posts.",core/terminologies/transaction-type.json
helix/veteran-status,none,No Military Affiliation,,core/terminologies/veteran-status.json
helix/veteran-status,veteran,Veteran,Former member of the armed forces who has been discharged,core/terminologies/veteran-status.json
helix/veteran-status,active_duty,Active Duty,Currently serving in the armed forces,core/terminologies/veteran-status.json
helix/veteran-status,reserve_national_guard,Reserve / National Guard,Member of a reserve component or National Guard,core/terminologies/veteran-status.json
helix/veteran-status,dependent_spouse,Military Dependent/Spouse,"Dependent or spouse of a service member, eligible for benefits (e.g., Chapter 35, MyCAA)",core/terminologies/veteran-status.json
helix/veteran-status,other,Other,,core/terminologies/veteran-status.json
helix/worker-type,regular,Regular,Permanent employee on the institutional payroll with benefits eligibility. Includes both full-time and part-time regular appointments.,core/terminologies/worker-type.json
helix/worker-type,temporary,Temporary,"Employee hired for a defined period, typically not to exceed 12 months. May or may not be benefits-eligible depending on FTE and institutional policy.",core/terminologies/worker-type.json
helix/worker-type,contingent,Contingent Worker,Individual engaged through a staffing agency or third-party arrangement. Not on the institutional payroll; paid through accounts payable.,core/terminologies/worker-type.json
helix/worker-type,contractor,Independent Contractor,"Individual providing services under a contract (1099). Must meet IRS independent contractor tests. Not an employee for benefits, tax withholding, or FLSA purposes.",core/terminologies/worker-type.json
helix/worker-type,student_worker,Student Worker,"Currently enrolled student employed by the institution. Includes Federal Work-Study (FWS), institutional employment, and hourly student positions. Typically exempt from FICA if enrolled half-time or more.",core/terminologies/worker-type.json
helix/worker-type,graduate_assistant,Graduate Assistant,"Graduate student holding a funded assistantship (GA, TA, RA). Typically receives tuition remission plus stipend. May be classified as student or employee depending on state law and collective bargaining status.",core/terminologies/worker-type.json
helix/worker-type,intern,Intern,"Individual in a structured learning experience, paid or unpaid. Unpaid internships at for-profit entities must meet DOL primary beneficiary test; universities have more flexibility under educational exception.",core/terminologies/worker-type.json
helix/worker-type,fellow,Fellow,Individual receiving a fellowship (external or institutional) for research or scholarly activity. May not have an employment relationship; fellowship stipends are often non-compensatory and reported on 1099-MISC or 1042-S.,core/terminologies/worker-type.json
helix/worker-type,volunteer,Volunteer,Individual providing services without expectation of compensation. Must meet FLSA volunteer criteria. Cannot volunteer in roles identical to their paid position at the same institution.,core/terminologies/worker-type.json
helix/worker-type,emeritus,Emeritus,"Retired faculty or staff member granted emeritus status by the governing board. May retain certain privileges (email, library, office) but is not actively employed or compensated unless rehired.",core/terminologies/worker-type.json
helix/worker-type,postdoc,Postdoctoral Researcher,"Individual holding a doctoral degree engaged in supervised research training. Classified as employee or trainee depending on funding source (NIH NRSA = trainee, institutional funds = employee).",core/terminologies/worker-type.json
helix/worker-type,adjunct,Adjunct Faculty,Part-time faculty hired on a per-course or per-term basis without tenure eligibility. Typically compensated per credit hour or per course. May be subject to ACA hour tracking for benefits eligibility.,core/terminologies/worker-type.json
